id1,id2,Distance_km
0,4,566.3920903402518
0,5,590.592922409336
-1,1,651.9394143630219
-1,3,536.6721531810646
1,2,176.70597047072292
1,3,171.40011668607463
1,4,565.0566343296927
1,5,425.9213542427757
2,3,347.58739908115194
2,4,394.4616584663204
2,5,260.0
3,4,729.3894707219182
3,5,588.5312226211962
4,5,141.4213562373095